publishedAt,title,title_cleaned,content,content_cleaned,url,sentiment_score,entities
2025-07-08T02:05:42Z,"Bitcoin, Ethereum, Dogecoin Dip On Macro Jitters From Trump's Japan, South Korea Tariffs: Analyst Says BTC 6 Months Away From Top If History Repeats",bitcoin ethereum dogecoin dip on macro jitters from trumps japan south korea tariffs analyst says btc months away from top if history repeats,"Leading cryptocurrencies fell Monday as President Donald Trump‘s fresh tariffs on Japan and South Korea spurred risk-off sentiment. 
Cryptocurrency
Gains +/-
Price (Recorded at 9:20 p.m. ET)
Bitcoin (CRYPTO: BTC)
-0.36%
$108,488.50
Ethereum (CRYPTO: ETH) 
-0.…",leading cryptocurrencies fell monday as president donald trumps fresh tariffs on japan and south korea spurred riskoff sentiment cryptocurrency gains price recorded at pm et bitcoin crypto btc ethereum crypto eth,https://biztoc.com/x/29a2d60c713c6cc1,0.5719,"[('monday', 'DATE'), ('donald trumps', 'PERSON'), ('japan', 'GPE'), ('south korea', 'GPE'), ('pm', 'TIME')]"
2025-07-08T02:02:10Z,XRP could rally higher on steady capital inflow; check forecast,xrp could rally higher on steady capital inflow check forecast,"Key takeaways Ripple’s XRP is down less than 1% in the last 24 hours and could rally higher soon. Institutional demand for XRP continues to grow, with XRP digital asset products recording $10.6 million in weekly inflows. The cryptocurrency market is having a …",key takeaways ripples xrp is down less than in the last hours and could rally higher soon institutional demand for xrp continues to grow with xrp digital asset products recording million in weekly inflows the cryptocurrency market is having a,https://coinjournal.net/news/xrp-could-rally-higher-on-steady-capital-inflow-check-forecast/,0.25,"[('the last hours', 'TIME'), ('xrp', 'GPE'), ('million', 'CARDINAL'), ('weekly', 'DATE')]"
2025-07-08T02:00:39Z,Bitcoin Institutional Pressure Builds – Coinbase Premium Reveals US Whale Accumulation,bitcoin institutional pressure builds coinbase premium reveals us whale accumulation,"Bitcoin is once again struggling to break into uncharted territory, hovering just below the $112,000 all-time high it has tested multiple times since late May. While bulls continue to defend key demand zones above $105K, bears are starting to speculate that a…",bitcoin is once again struggling to break into uncharted territory hovering just below the alltime high it has tested multiple times since late may while bulls continue to defend key demand zones above k bears are starting to speculate that a,https://bitcoinist.com/bitcoin-institutional-pressure-builds-coinbase-premium-reveals-us-whale-accumulation/,-0.5106,[]
2025-07-08T02:00:00Z,Bitcoin Mining: Double Your Yield with AI Hash Scheduling,bitcoin mining double your yield with ai hash scheduling,"New York, USA, July 07, 2025 (GLOBE NEWSWIRE) -- New York, USA – July 7, 2025 – Institutional investment momentum around Bitcoin mining has reached a new high. The cloud-computing and artificial-intelligence giant confirmed that it will be acquired in an all-…",new york usa july globe newswire new york usa july institutional investment momentum around bitcoin mining has reached a new high the cloudcomputing and artificialintelligence giant confirmed that it will be acquired in an all,https://www.globenewswire.com/news-release/2025/07/08/3111420/0/en/Bitcoin-Mining-Double-Your-Yield-with-AI-Hash-Scheduling.html,0.1027,"[('new york', 'GPE'), ('july', 'DATE'), ('new york', 'GPE'), ('july', 'DATE')]"
2025-07-08T01:12:10Z,"Asia Morning Briefing: BTC’s Institutional Waves Are Building, Not Breaking",asia morning briefing btcs institutional waves are building not breaking,"Despite short-term demand jitters, Saphira’s Jeff Dyment says BTC’s institutional adoption is accelerating in cyclical waves, not stalling, with options data backing up that thesis.",despite shortterm demand jitters saphiras jeff dyment says btcs institutional adoption is accelerating in cyclical waves not stalling with options data backing up that thesis,https://www.coindesk.com/markets/2025/07/08/asia-morning-briefing-btcs-institutional-waves-are-building-not-breaking,0.2644,"[('jeff dyment', 'PERSON'), ('btcs institutional adoption', 'ORG')]"
2025-07-08T01:00:28Z,Bitcoin In For Another 460% Run? This Rare Fiat Signal Just Returned,bitcoin in for another run this rare fiat signal just returned,"The Global Money Supply has just hit a rare yearly growth rate of 9%. Here’s what followed for Bitcoin the last few times this signal appeared. Global Money Supply Is Currently Sharply Going Up In a new post on X, Capriole Investments founder Charles Edwards …",the global money supply has just hit a rare yearly growth rate of heres what followed for bitcoin the last few times this signal appeared global money supply is currently sharply going up in a new post on x capriole investments founder charles edwards,http://www.newsbtc.com/bitcoin-news/bitcoin-another-460-run-rare-fiat-signal-returned/,0.3818,"[('charles edwards', 'PERSON')]"
2025-07-08T01:00:20Z,Bonk crypto pushed by strong demand: Is a move beyond $0.000025 next?,bonk crypto pushed by strong demand is a move beyond next,"The highs from May have a substantial cluster of liquidation levels around them, which could stall BONK's rally.",the highs from may have a substantial cluster of liquidation levels around them which could stall bonks rally,https://ambcrypto.com/?p=508995,0.0,[]
2025-07-08T01:00:00Z,"Bragar Eagel & Squire, P.C. Reminds Investors That Class Action Lawsuits Have Been Filed Against Krispy Kreme, Strategy Incorporated, Organon, and Iovance and Encourages Investors to Contact the Firm",bragar eagel squire pc reminds investors that class action lawsuits have been filed against krispy kreme strategy incorporated organon and iovance and encourages investors to contact the firm,"NEW YORK, July 07, 2025 (GLOBE NEWSWIRE) -- Bragar Eagel & Squire, P.C., a nationally recognized shareholder rights law firm, reminds investors that class actions have been commenced on behalf of stockholders of Krispy Kreme, Inc. (NASDAQ:DNUT), Strategy Inco…",new york july globe newswire bragar eagel squire pc a nationally recognized shareholder rights law firm reminds investors that class actions have been commenced on behalf of stockholders of krispy kreme inc nasdaqdnut strategy inco,https://www.globenewswire.com/news-release/2025/07/08/3111412/0/en/Bragar-Eagel-Squire-P-C-Reminds-Investors-That-Class-Action-Lawsuits-Have-Been-Filed-Against-Krispy-Kreme-Strategy-Incorporated-Organon-and-Iovance-and-Encourages-Investors-to-Cont.html,0.0,"[('new york', 'GPE'), ('july', 'DATE'), ('bragar eagel', 'PERSON'), ('krispy kreme inc nasdaqdnut', 'ORG')]"
2025-07-08T00:30:29Z,Something Big Is Coming For XRP On July 9—Here’s Why It Matters,something big is coming for xrp on july heres why it matters,"Two days from now, the US Senate Banking, Housing, and Urban Affairs Committee will give the XRP army its most closely watched stage since the lawsuit between Ripple and the US Securities and Exchange Commission began. At 10 a.m. ET on Wednesday, July 9, the …",two days from now the us senate banking housing and urban affairs committee will give the xrp army its most closely watched stage since the lawsuit between ripple and the us securities and exchange commission began at am et on wednesday july the,https://bitcoinist.com/something-big-is-coming-for-xrp-on-july-9/,0.0772,"[('two days', 'DATE'), ('us', 'GPE'), ('senate', 'ORG'), ('housing and urban affairs committee', 'ORG'), ('the us securities and exchange commission', 'ORG'), ('wednesday july', 'DATE')]"
2025-07-08T00:00:17Z,"Trader Says Matter of Time Before Crypto Breaks to New All-Time Highs, Updates Outlook on Bitcoin, Ethereum and One Other Altcoin",trader says matter of time before crypto breaks to new alltime highs updates outlook on bitcoin ethereum and one other altcoin,"Widely followed trader Michaël van de Poppe believes that new record highs are bound to happen for the crypto market. The analyst tells his 794,400 followers on the social media platform X that he’s keeping an eye on the TOTAL chart, which tracks the market c…",widely followed trader michal van de poppe believes that new record highs are bound to happen for the crypto market the analyst tells his followers on the social media platform x that hes keeping an eye on the total chart which tracks the market c,https://dailyhodl.com/2025/07/07/trader-says-matter-of-time-before-crypto-breaks-to-new-all-time-highs-updates-outlook-on-bitcoin-ethereum-and-one-other-altcoin/,0.0,"[('michal van de poppe', 'PERSON')]"
2025-07-08T00:00:00Z,Eric Trump’s American Bitcoin Raises $220 Million in Private Stock Sale To Buy More BTC,eric trumps american bitcoin raises million in private stock sale to buy more btc,"The Hut 8 sold over 11 million shares to investors, securing $215 million in net proceeds to expand its Bitcoin holdings and mining operations. Hut 8 Corp. filed with the SEC that its majority-owned subsidiary, American Bitcoin Corp., has raised $220 million …",the hut sold over million shares to investors securing million in net proceeds to expand its bitcoin holdings and mining operations hut corp filed with the sec that its majorityowned subsidiary american bitcoin corp has raised million,https://www.activistpost.com/eric-trumps-american-bitcoin-raises-220-million-in-private-stock-sale-to-buy-more-btc/,0.7003,"[('over million', 'CARDINAL'), ('million', 'CARDINAL'), ('sec', 'ORG'), ('american bitcoin corp has', 'ORG'), ('million', 'CARDINAL')]"
2025-07-07T23:30:27Z,Bitcoin Heating Up? NVT Golden Cross Hints At Potential Local Top,bitcoin heating up nvt golden cross hints at potential local top,"Bitcoin (BTC) is up 7% over the last two weeks, showing signs of strength despite expectations that the US Federal Reserve (Fed) will keep interest rates unchanged at its upcoming July 30 meeting. However, some indicators suggest that the market may be enteri…",bitcoin btc is up over the last two weeks showing signs of strength despite expectations that the us federal reserve fed will keep interest rates unchanged at its upcoming july meeting however some indicators suggest that the market may be enteri,http://www.newsbtc.com/bitcoin-news/bitcoin-heating-up-nvt-golden-cross-hints-at-potential-local-top/,0.7351,"[('bitcoin btc', 'PERSON'), ('the last two weeks', 'DATE'), ('the us federal reserve fed', 'ORG'), ('july', 'DATE')]"
2025-07-07T23:27:33Z,Report: Solana ETF Issuers Face Shortened Deadline From SEC,report solana etf issuers face shortened deadline from sec,"Securities regulators have reportedly sped up the timeline for financial institutions seeking to issue exchange-traded funds invested in the Solana blockchain platform. [contact-form-7] These firms have until July 31 to refile their applications, according to…",securities regulators have reportedly sped up the timeline for financial institutions seeking to issue exchangetraded funds invested in the solana blockchain platform contactform these firms have until july to refile their applications according to,http://www.pymnts.com/cryptocurrency/2025/report-solana-etf-issuers-face-shortened-deadline-from-sec/,0.296,"[('july', 'DATE')]"
2025-07-07T23:06:00Z,"MicroStrategy Incorporated d/b/a Strategy Investors: Please contact the Portnoy Law Firm to recover your losses. July 15, 2025 Deadline to file Lead Plaintiff Motion.",microstrategy incorporated dba strategy investors please contact the portnoy law firm to recover your losses july deadline to file lead plaintiff motion,"Investors can contact the law firm at no cost to learn more about recovering their losses    LOS ANGELES, July  07, 2025  (GLOBE NEWSWIRE) -- The...",investors can contact the law firm at no cost to learn more about recovering their losses los angeles july globe newswire the,https://www.globenewswire.com/news-release/2025/07/07/3111391/0/en/MicroStrategy-Incorporated-d-b-a-Strategy-Investors-Please-contact-the-Portnoy-Law-Firm-to-recover-your-losses-July-15-2025-Deadline-to-file-Lead-Plaintiff-Motion.html,-0.5994,"[('los angeles', 'GPE'), ('july', 'DATE')]"
2025-07-07T23:00:34Z,Bitcoin holds above $100K despite low volume: 2 signs point to more upside,bitcoin holds above k despite low volume signs point to more upside,The volume of BTC on Spot and Futures dropped as retail stayed quiet.,the volume of btc on spot and futures dropped as retail stayed quiet,https://ambcrypto.com/bitcoin-holds-above-100k-despite-low-volume-2-signs-point-to-more-upside/,0.0,[]
2025-07-07T23:00:30Z,"Who Moved 80,000 BTC? Bitcoin On-Chain Sleuth Drops Bombshell Exposé",who moved btc bitcoin onchain sleuth drops bombshell expos,"Bitcoin On-chain Sleuth TruthLabs has dropped his theory on who moved the 80,000 BTC ($8.72 billion). This BTC transfer had raised eyebrows and spread panic in the crypto community, considering the amount of selling pressure it could put on the flagship crypt…",bitcoin onchain sleuth truthlabs has dropped his theory on who moved the btc billion this btc transfer had raised eyebrows and spread panic in the crypto community considering the amount of selling pressure it could put on the flagship crypt,https://bitcoinist.com/who-moved-80000-bitcoin/,-0.6249,"[('bitcoin onchain', 'ORG')]"
2025-07-07T23:00:00Z,"BAY Miner Launches Flexible Cloud Mining for BTC, SOL, XRP, and DOGE Investors",bay miner launches flexible cloud mining for btc sol xrp and doge investors,"Empowering Sustainable, Hardware-Free Crypto Mining Participation Globally Empowering Sustainable, Hardware-Free Crypto Mining Participation Globally",empowering sustainable hardwarefree crypto mining participation globally empowering sustainable hardwarefree crypto mining participation globally,https://www.globenewswire.com/news-release/2025/07/07/3111388/0/en/BAY-Miner-Launches-Flexible-Cloud-Mining-for-BTC-SOL-XRP-and-DOGE-Investors.html,0.0,[]
2025-07-07T22:56:00Z,"Bitfarms Ltd. Investors: Please contact the Portnoy Law Firm to recover your losses. July 8, 2025 Deadline to file Lead Plaintiff Motion.",bitfarms ltd investors please contact the portnoy law firm to recover your losses july deadline to file lead plaintiff motion,"Investors can contact the law firm at no cost to learn more about recovering their losses    LOS ANGELES, July  07, 2025  (GLOBE NEWSWIRE) -- The...",investors can contact the law firm at no cost to learn more about recovering their losses los angeles july globe newswire the,https://www.globenewswire.com/news-release/2025/07/07/3111386/0/en/Bitfarms-Ltd-Investors-Please-contact-the-Portnoy-Law-Firm-to-recover-your-losses-July-8-2025-Deadline-to-file-Lead-Plaintiff-Motion.html,-0.5994,"[('los angeles', 'GPE'), ('july', 'DATE')]"
2025-07-07T22:30:35Z,Cloudflare’s bot paywall could ignite a tokenized content gold rush,cloudflares bot paywall could ignite a tokenized content gold rush,"The following is a guest post and opinion from Ahmad Shadid, CEO at O.XYZ. For years, a broken value exchange has defined the web. AI companies, racing to build powerful models, deployed bots to scrape a vast internet of content without permission or compensa…",the following is a guest post and opinion from ahmad shadid ceo at oxyz for years a broken value exchange has defined the web ai companies racing to build powerful models deployed bots to scrape a vast internet of content without permission or compensa,https://cryptoslate.com/cloudflares-bot-paywall-could-ignite-a-tokenized-content-gold-rush/,0.2732,"[('years', 'DATE')]"
2025-07-07T22:03:56Z,"Two Ethereum Genesis wallets wake, move $2.9M ETH",two ethereum genesis wallets wake move m eth,"Two dormant Genesis Block Ethereum wallets containing $2.9 million in ETH have reawakened, with their funds being transferred to a common third wallet.",two dormant genesis block ethereum wallets containing million in eth have reawakened with their funds being transferred to a common third wallet,https://cointelegraph.com/news/ethereum-genesis-wallets-wake-move-eth,-0.4404,"[('two', 'CARDINAL'), ('third', 'ORDINAL')]"
2025-07-07T22:03:15Z,Jack Dorsey irrumpe con Bitchat: mensajería Bluetooth sin internet,jack dorsey irrumpe con bitchat mensajera bluetooth sin internet,"Jack Dorsey sorprende al revelar Bitchat, una app beta que conecta móviles vía Bluetooth mesh para chatear sin datos ni servidores, con cifrado y espíritu …
The post Jack Dorsey irrumpe con Bitchat: mensajería Bluetooth sin internet first appeared on Geek's R…",jack dorsey sorprende al revelar bitchat una app beta que conecta mviles va bluetooth mesh para chatear sin datos ni servidores con cifrado y espritu the post jack dorsey irrumpe con bitchat mensajera bluetooth sin internet first appeared on geeks r,https://geeksroom.com/2025/07/bitchat-jack-dorsey/142043/,-0.8225,"[('jack dorsey', 'PERSON'), ('al', 'PERSON'), ('va', 'GPE'), ('jack dorsey irrumpe con', 'PERSON'), ('first', 'ORDINAL')]"
2025-07-07T22:01:38Z,"Ethereum Continues Outperforming Institutional Capital Flows As Investors Pour $1,040,000,000 Into Crypto Products: CoinShares",ethereum continues outperforming institutional capital flows as investors pour into crypto products coinshares,"Institutional digital asset investment vehicles have enjoyed over $18 billion in inflows over the last twelve weeks, according to crypto asset management firm CoinShares. In its latest Digital Asset Fund Flows Weekly Report, CoinShares finds that inflows into…",institutional digital asset investment vehicles have enjoyed over billion in inflows over the last twelve weeks according to crypto asset management firm coinshares in its latest digital asset fund flows weekly report coinshares finds that inflows into,https://dailyhodl.com/2025/07/07/ethereum-continues-outperforming-institutional-capital-flows-as-investors-pour-1040000000-into-crypto-products-coinshares/,0.8689,"[('over billion', 'CARDINAL'), ('the last twelve weeks', 'DATE'), ('weekly', 'DATE')]"
2025-07-07T22:00:31Z,Bitcoin remains stuck in $100k-$110k band as retail and whales enter potential standoff,bitcoin remains stuck in kk band as retail and whales enter potential standoff,"Bitcoin (BTC) continued to trade between $100,000 and $110,500 for a second consecutive week as smaller investors replaced whales on the buy side, Bitfinex Alpha reported on July 7. The report noted that BTC spent most of July so far within a 10% channel, cap…",bitcoin btc continued to trade between and for a second consecutive week as smaller investors replaced whales on the buy side bitfinex alpha reported on july the report noted that btc spent most of july so far within a channel cap,https://cryptoslate.com/bitcoin-remains-stuck-in-100k-110k-band-as-retail-and-whales-enter-potential-standoff/,0.0,"[('a second consecutive week', 'DATE'), ('july', 'DATE'), ('july', 'DATE')]"
2025-07-07T21:54:01Z,"Tom Lee Sees $10,000 Ethereum Price Target After Launching Bitmine Treasury Play",tom lee sees ethereum price target after launching bitmine treasury play,"After launching Bitmine as a new Ethereum treasury play, Tom Lee sees ETH hitting $10,000",after launching bitmine as a new ethereum treasury play tom lee sees eth hitting,https://www.thestreet.com/crypto/markets/tom-lee-sees-10000-ethereum-price-target-after-launching-bitmine-treasury-play,0.4939,"[('tom lee', 'PERSON')]"
2025-07-07T21:46:56Z,Real Estate Firm Murano to Build Bitcoin Treasury With $500M Equity Deal,real estate firm murano to build bitcoin treasury with m equity deal,"Murano Global Investments, a Nasdaq-listed real estate firm that owns hotels across Mexico, said it's building a bitcoin BTC treasury strategy and mulls ways to integrate the largest cryptocurrency into its operations.
The $800 million market cap company slip…",murano global investments a nasdaqlisted real estate firm that owns hotels across mexico said its building a bitcoin btc treasury strategy and mulls ways to integrate the largest cryptocurrency into its operations the million market cap company slip,https://biztoc.com/x/d9c7aff86fd76a70,0.2023,"[('mexico', 'GPE'), ('million', 'CARDINAL')]"
2025-07-07T21:43:05Z,Here are the next tailwinds for bitcoin,here are the next tailwinds for bitcoin,"Bitcoin (BTC-USD) has risen about 15% so far this year. In the video above, Swan Bitcoin chief investment officer Ben Werkman shares what he thinks will...",bitcoin btcusd has risen about so far this year in the video above swan bitcoin chief investment officer ben werkman shares what he thinks will,https://finance.yahoo.com/video/next-catalysts-bitcoin-214305109.html,0.296,"[('this year', 'DATE'), ('swan', 'NORP'), ('ben werkman', 'PERSON')]"
2025-07-07T21:41:29Z,Ethereum OG Moves $2.2 Million in 'Genesis Coins' After 10 Years HODLing,ethereum og moves million in genesis coins after years hodling,The address received the coins when ETH was worth less than 50 cents.,the address received the coins when eth was worth less than cents,https://decrypt.co/328983/ethereum-og-moves-2-2-million-in-genesis-coins-after-10-years-hodling,0.2263,"[('less than cents', 'MONEY')]"
2025-07-07T21:38:31Z,The End of the Stock Market As We Know It,the end of the stock market as we know it,"Startups and Wall Street giants alike are racing to turn stocks, bonds, and real estate into crypto-like tokens. We asked an expert to break down what that means for your money.",startups and wall street giants alike are racing to turn stocks bonds and real estate into cryptolike tokens we asked an expert to break down what that means for your money,https://gizmodo.com/the-end-of-the-stock-market-as-we-know-it-2000625351,0.0,[]
2025-07-07T21:35:44Z,"Investors ‘probably’ expected a higher valuation for Core Scientific, Bernstein says after bitcoin mining stock falls 17%",investors probably expected a higher valuation for core scientific bernstein says after bitcoin mining stock falls,CoreWeave has entered into a definitive agreement to acquire Core Scientific in an all-stock deal worth about $9 billion.,coreweave has entered into a definitive agreement to acquire core scientific in an allstock deal worth about billion,https://biztoc.com/x/5d5509de742db0a9,0.6249,"[('about billion', 'MONEY')]"
2025-07-07T21:34:40Z,Hut 8 Schedules Second Quarter 2025 Earnings Release and Conference Call,hut schedules second quarter earnings release and conference call,"MIAMI, July 07, 2025 (GLOBE NEWSWIRE) — Hut 8 Corp. (Nasdaq | TSX: HUT) (“Hut 8” or the “Company”), an energy infrastructure platform integrating power, digital infrastructure, and compute at scale to fuel next-generation, energy-intensive use cases such as B…",miami july globe newswire hut corp nasdaq tsx hut hut or the company an energy infrastructure platform integrating power digital infrastructure and compute at scale to fuel nextgeneration energyintensive use cases such as b,https://financialpost.com/globe-newswire/hut-8-schedules-second-quarter-2025-earnings-release-and-conference-call,0.2732,"[('miami', 'GPE'), ('july', 'DATE'), ('hut corp nasdaq tsx', 'ORG')]"
2025-07-07T21:30:35Z,Corporate Bitcoin Craze: 54 Companies Dump $500M Into BTC Treasuries,corporate bitcoin craze companies dump m into btc treasuries,"The appetite for Bitcoin is palpable, at least in the corporate treasury halls. More companies are joining the bandwagon. proof of the crypto’s appeal and status as a safe haven asset. In early July, corporate Bitcoin buys surged as 54 companies revealed new …",the appetite for bitcoin is palpable at least in the corporate treasury halls more companies are joining the bandwagon proof of the cryptos appeal and status as a safe haven asset in early july corporate bitcoin buys surged as companies revealed new,https://bitcoinist.com/corporate-bitcoin-craze-54-companies-dump-500m-into-btc-treasuries/,0.7351,"[('early july', 'DATE')]"
2025-07-07T21:30:00Z,Hut 8 Schedules Second Quarter 2025 Earnings Release and Conference Call,hut schedules second quarter earnings release and conference call,Hut 8 Schedules Second Quarter 2025 Earnings Release and Conference Call......,hut schedules second quarter earnings release and conference call,https://www.globenewswire.com/news-release/2025/07/07/3111369/0/en/Hut-8-Schedules-Second-Quarter-2025-Earnings-Release-and-Conference-Call.html,0.0,"[('second quarter', 'DATE')]"
2025-07-07T21:24:42Z,House Preps For Crypto Week; Core Scientific Tumbles; Bit Digital Ditches Bitcoin,house preps for crypto week core scientific tumbles bit digital ditches bitcoin,"Access to this page has been denied because we believe you are using automation tools to browse the website.
This may happen as a result of the following:
- Javascript is disabled or blocked by an extension (ad blockers for example)
- Your browser does not su…",access to this page has been denied because we believe you are using automation tools to browse the website this may happen as a result of the following javascript is disabled or blocked by an extension ad blockers for example your browser does not su,https://biztoc.com/x/fc26210c19eefb74,-0.6124,[]
2025-07-07T21:16:17Z,"Casascius bar owner gets less physical, moves BTC to wallet after 13 years",casascius bar owner gets less physical moves btc to wallet after years,A BitcoinTalk user going by the pseudonym “John Galt” spoke about their experience redeeming physical Bitcoin worth more than $10 million after years of storing it in a vault.,a bitcointalk user going by the pseudonym john galt spoke about their experience redeeming physical bitcoin worth more than million after years of storing it in a vault,https://cointelegraph.com/news/casascius-bar-hodling-100-btc,0.2263,"[('john galt', 'PERSON'), ('more than million', 'CARDINAL'), ('years', 'DATE')]"
2025-07-07T21:00:43Z,Celestia’s 26% weekly rally can continue: Will TIA surge toward $2.26?,celestias weekly rally can continue will tia surge toward,"Celestia jumps 26% in a week and 12% in the past 24 hours, ending its prolonged bearish trend.",celestia jumps in a week and in the past hours ending its prolonged bearish trend,https://ambcrypto.com/?p=508921,0.0,"[('a week', 'DATE'), ('the past hours', 'TIME')]"
2025-07-07T21:00:00Z,Bitcoin data points to rally to $120K after pro BTC traders abandon their bearish bets,bitcoin data points to rally to k after pro btc traders abandon their bearish bets,"Traders are unwinding their bearish positions as Bitcoin holds strong, fueling optimism for a potential breakout to $120,000.",traders are unwinding their bearish positions as bitcoin holds strong fueling optimism for a potential breakout to,https://cointelegraph.com/news/bitcoin-data-points-to-rally-to-120k-after-pro-btc-traders-abandon-their-bearish-bets,0.7783,[]
2025-07-07T21:00:00Z,The Future of Cryptocurrency Investing: Why Quid Miner GreenMine 2.0 Cloud Mining Is So Important,the future of cryptocurrency investing why quid miner greenmine cloud mining is so important,"Unleashing the potential of XRP, DOGE, and BTC: Quid Miner GreenMine 2.0 cloud mining changes cryptocurrency investment Unleashing the potential of XRP, DOGE, and BTC: Quid Miner GreenMine 2.0 cloud mining changes cryptocurrency investment",unleashing the potential of xrp doge and btc quid miner greenmine cloud mining changes cryptocurrency investment unleashing the potential of xrp doge and btc quid miner greenmine cloud mining changes cryptocurrency investment,https://www.globenewswire.com/news-release/2025/07/07/3111354/0/en/The-Future-of-Cryptocurrency-Investing-Why-Quid-Miner-GreenMine-2-0-Cloud-Mining-Is-So-Important.html,0.0,"[('xrp', 'GPE'), ('xrp', 'GPE')]"
2025-07-07T20:56:00Z,GreenMine 2.0 is launched: APT Miner leads the green mining revolution,greenmine is launched apt miner leads the green mining revolution,"As the price of Bitcoin approaches a record high, the crypto market has once again ignited investor enthusiasm. At the same time, APT Miner, a pioneer in green cloud mining, announced the official launch of its new generation of cloud mining system - GreenMin…",as the price of bitcoin approaches a record high the crypto market has once again ignited investor enthusiasm at the same time apt miner a pioneer in green cloud mining announced the official launch of its new generation of cloud mining system greenmin,https://www.globenewswire.com/news-release/2025/07/07/3111352/0/en/GreenMine-2-0-is-launched-APT-Miner-leads-the-green-mining-revolution.html,0.4404,[]
2025-07-07T20:48:30Z,Real Estate Firm Murano to Build Bitcoin Treasury With $500M Equity Deal,real estate firm murano to build bitcoin treasury with m equity deal,"The company, which operates hotels across Mexico, is also exploring ways to integrate BTC as a payment and loyalty rewards program for customers.",the company which operates hotels across mexico is also exploring ways to integrate btc as a payment and loyalty rewards program for customers,https://www.coindesk.com/business/2025/07/07/real-estate-firm-murano-to-build-bitcoin-treasury-with-500m-equity-deal,0.765,"[('mexico', 'GPE')]"
2025-07-07T20:32:30Z,"CleanSpark mines 685 BTC in June, scales hashrate 145% YoY",cleanspark mines btc in june scales hashrate yoy,"CleanSpark reached 50 EH/s in operational hashrate in June, increasing its total Bitcoin holdings to 12,608 BTC even with significant monthly sales.",cleanspark reached ehs in operational hashrate in june increasing its total bitcoin holdings to btc even with significant monthly sales,https://cointelegraph.com/news/cleanspark-mines-685-btc-june-scales-hashrate-145-yoy,0.296,"[('june', 'DATE'), ('monthly', 'DATE')]"
2025-07-07T20:30:38Z,Bitcoin’s Liquidity Lifeline Just Got Cut—What You Need To Know,bitcoins liquidity lifeline just got cutwhat you need to know,"The liquidity engine that has supported risk assets, including Bitcoin, since the beginning of 2025 is now shifting into reverse. According to macro analyst Tomas (@TomasOnMarkets), the six-month upswing in Federal Reserve liquidity has ended, and a potential…",the liquidity engine that has supported risk assets including bitcoin since the beginning of is now shifting into reverse according to macro analyst tomas tomasonmarkets the sixmonth upswing in federal reserve liquidity has ended and a potential,http://www.newsbtc.com/bitcoin-news/bitcoins-liquidity-lifeline-just-got-cut/,0.2263,[]
2025-07-07T20:30:33Z,Bit Digital converts entire 280 BTC reserve to $172M worth of Ethereum,bit digital converts entire btc reserve to m worth of ethereum,"Bit Digital sold 280 Bitcoin (BTC) from its treasury and used the proceeds to purchase Ethereum (ETH), marking the completion of a three-month transition to an Ethereum-only treasury strategy. According to a July 7 announcement, the New York-based miner also …",bit digital sold bitcoin btc from its treasury and used the proceeds to purchase ethereum eth marking the completion of a threemonth transition to an ethereumonly treasury strategy according to a july announcement the new yorkbased miner also,https://cryptoslate.com/bit-digital-converts-entire-280-btc-reserve-to-172m-worth-of-ethereum/,0.3818,"[('july', 'DATE')]"
2025-07-07T20:17:44Z,"I'm More Psyched For Michael B. Jordan's Thomas Crown Affair After Latest A+ Castings, But One Detail About The Plot Is Tripping Me Up",im more psyched for michael b jordans thomas crown affair after latest a castings but one detail about the plot is tripping me up,Could this be another simple frame job?,could this be another simple frame job,https://www.cinemablend.com/movies/michael-b-jordan-thomas-crown-affair-cast-danai-gurira-kenneth-branagh-lily-gladsone-one-plot-detail-tripping-me-up,0.0,[]
2025-07-07T20:00:13Z,Altcoin Season Brewing? Index At Levels That Historically Spark Massive Rallies,altcoin season brewing index at levels that historically spark massive rallies,"After being dormant for a long period, the altcoin market is flashing a bullish signal that suggests that the market might be ready for the next wave of upward action. A crypto analyst has outlined that an altcoin season this cycle seems likely, pointing to a…",after being dormant for a long period the altcoin market is flashing a bullish signal that suggests that the market might be ready for the next wave of upward action a crypto analyst has outlined that an altcoin season this cycle seems likely pointing to a,https://bitcoinist.com/altcoin-season-index-at-key-levels/,0.3612,[]
2025-07-07T19:59:53Z,CoreWeave's $9B Core Scientific acquisition is a bid for more power,coreweaves b core scientific acquisition is a bid for more power,"All the GPUs in the world aren't worth much if you don't have a place to put them
CoreWeave just added 1.3 gigawatts of datacenter capacity to its rent-a-GPU scheme with the $9 billion acquisition of crypto-mining outfit Core Scientific, the companies announc…",all the gpus in the world arent worth much if you dont have a place to put them coreweave just added gigawatts of datacenter capacity to its rentagpu scheme with the billion acquisition of cryptomining outfit core scientific the companies announc,https://www.theregister.com/2025/07/07/coreweave_core_scientific_buy/,-0.1695,"[('billion', 'CARDINAL')]"
2025-07-07T19:53:51Z,CoreWeave’s All-Stock Bid for Core Scientific Likely to Draw Shareholder Scrutiny: KBW,coreweaves allstock bid for core scientific likely to draw shareholder scrutiny kbw,"has agreed to acquire bitcoin miner Core Scientific (CORZ) in an all-stock deal valued at $20.40 per share, implying a ~16x FY26E EBITDA multiple, a steep discount to traditional data center peers, according to investment bank KBW.
Core Scientific shares were…",has agreed to acquire bitcoin miner core scientific corz in an allstock deal valued at per share implying a x fye ebitda multiple a steep discount to traditional data center peers according to investment bank kbw core scientific shares were,https://biztoc.com/x/5eed046798f5d80c,0.8126,[]
2025-07-07T19:53:36Z,Bitcoin mining: A beginner’s guide to how it works,bitcoin mining a beginners guide to how it works,"By Brian Baker, CFA, Bankrate.com
Bitcoin mining is the process of creating new bitcoins by solving extremely complicated math problems that verify transactions in the currency. When a bitcoin is successfully mined, the miner receives a predetermined amount o…",by brian baker cfa bankratecom bitcoin mining is the process of creating new bitcoins by solving extremely complicated math problems that verify transactions in the currency when a bitcoin is successfully mined the miner receives a predetermined amount o,https://biztoc.com/x/47b305652d03c347,0.5908,"[('brian baker', 'PERSON')]"
2025-07-07T19:50:54Z,Bitcoin mining: A beginner’s guide to how it works,bitcoin mining a beginners guide to how it works,Bitcoin is one of the most popular types of cryptocurrencies.,bitcoin is one of the most popular types of cryptocurrencies,https://www.bostonherald.com/2025/07/07/bitcoin-mining-beginner-guide/,0.4754,[]
2025-07-07T19:45:31Z,CoreWeave’s $9B Core Scientific deal faces backlash and legal investigation,coreweaves b core scientific deal faces backlash and legal investigation,"CoreWeave, a rising player in the artificial intelligence industry, has entered a definitive agreement to acquire Bitcoin mining company Core Scientific in an all-stock transaction, according to a July 7 announcement. This strategic move would help CoreWeave …",coreweave a rising player in the artificial intelligence industry has entered a definitive agreement to acquire bitcoin mining company core scientific in an allstock transaction according to a july announcement this strategic move would help coreweave,https://cryptoslate.com/coreweaves-9b-core-scientific-deal-faces-backlash-and-legal-investigation/,0.8402,"[('july', 'DATE')]"
2025-07-07T19:45:00Z,"ZKM Launches Ziren, The Endgame for ZK Infrastructure",zkm launches ziren the endgame for zk infrastructure,"Ziren delivers GPU-accelerated proving, optimal ISA efficiency, and real-world deployability - unlocking ZK for mainstream development Ziren delivers GPU-accelerated proving, optimal ISA efficiency, and real-world deployability - unlocking ZK for mainstream d…",ziren delivers gpuaccelerated proving optimal isa efficiency and realworld deployability unlocking zk for mainstream development ziren delivers gpuaccelerated proving optimal isa efficiency and realworld deployability unlocking zk for mainstream d,https://www.globenewswire.com/news-release/2025/07/07/3111280/0/en/ZKM-Launches-Ziren-The-Endgame-for-ZK-Infrastructure.html,0.8402,[]
2025-07-07T19:20:26Z,Bitcoin futures pivot to long positions: Is $112K the next stop?,bitcoin futures pivot to long positions is k the next stop,BTC futures show renewed bullish pressure as open interest climbs and short sellers face liquidation risks.,btc futures show renewed bullish pressure as open interest climbs and short sellers face liquidation risks,https://cointelegraph.com/news/bitcoin-futures-pivot-to-long-positions-is-dollar112k-the-next-stop,-0.0772,[]
2025-07-07T19:14:29Z,Moon or Doom: Will Bitcoin Stay Above $100K in July?,moon or doom will bitcoin stay above k in july,"Can Bitcoin hold $100K? Prediction market users on Myriad are bullish on the odds, but the charts suggest it might be a close call.",can bitcoin hold k prediction market users on myriad are bullish on the odds but the charts suggest it might be a close call,https://decrypt.co/328917/bitcoin-price-100k-july-myriad-predictions,0.0,[]
2025-07-07T19:08:57Z,CoreWeave Pays $9 Billion for Bitcoin Miner Core Scientific,coreweave pays billion for bitcoin miner core scientific,"CoreWeave is acquiring data center infrastructure provider Core Scientific in a $9 billion deal.
 
 [contact-form-7]
 
 
The artificial intelligence (AI) company announced the deal Monday (July 7), saying it helped it “verticalize its data center footprint to…",coreweave is acquiring data center infrastructure provider core scientific in a billion deal contactform the artificial intelligence ai company announced the deal monday july saying it helped it verticalize its data center footprint to,https://biztoc.com/x/1dd45ba459547102,0.4767,"[('monday july', 'DATE')]"
2025-07-07T19:04:30Z,CoreWeave’s All-Stock Bid for Core Scientific Likely to Draw Shareholder Scrutiny: KBW,coreweaves allstock bid for core scientific likely to draw shareholder scrutiny kbw,Deal valued at $20.40/share marks second acquisition attempt; KBW sees limited upside for Core Scientific shareholders.,deal valued at share marks second acquisition attempt kbw sees limited upside for core scientific shareholders,https://www.coindesk.com/markets/2025/07/07/coreweaves-all-stock-bid-for-core-scientific-likely-to-draw-shareholder-scrutiny-kbw,0.4939,"[('second', 'ORDINAL')]"
2025-07-07T19:00:41Z,"Ethereum Range Tightens – Liquidity Looms At $2,800 And $2,350",ethereum range tightens liquidity looms at and,"Ethereum is approaching a pivotal moment as it pushes to reclaim the $2,600 level, aiming to break free from weeks of sideways action. After trading within a tight range since early May, ETH is now testing the upper boundary of its consolidation zone, a move …",ethereum is approaching a pivotal moment as it pushes to reclaim the level aiming to break free from weeks of sideways action after trading within a tight range since early may eth is now testing the upper boundary of its consolidation zone a move,http://www.newsbtc.com/news/ethereum/ethereum-range-tightens-liquidity-looms-at-2800-and-2350/,0.5106,"[('weeks', 'DATE')]"
2025-07-07T19:00:35Z,"What’s next for Bitcoin, Ethereum, and altcoins in the second half of 2025",whats next for bitcoin ethereum and altcoins in the second half of,"From treasury strategies to IPOs and tech upgrades, crypto's next chapter is being written right now.",from treasury strategies to ipos and tech upgrades cryptos next chapter is being written right now,https://ambcrypto.com/whats-next-for-bitcoin-ethereum-and-altcoins-in-the-second-half-of-2025/,0.2023,"[('treasury', 'ORG')]"
2025-07-07T19:00:00Z,BIMA Partners with Bracket to Launch Real-Yield Vaults For Bitcoin-Backed Stablecoin USBD,bima partners with bracket to launch realyield vaults for bitcoinbacked stablecoin usbd,BIMA DeFi Ecosystem Enables Bitcoin Holders to Access Institution-Grade Yield Strategies Without Selling their BTC BIMA DeFi Ecosystem Enables Bitcoin Holders to Access Institution-Grade Yield Strategies Without Selling their BTC,bima defi ecosystem enables bitcoin holders to access institutiongrade yield strategies without selling their btc bima defi ecosystem enables bitcoin holders to access institutiongrade yield strategies without selling their btc,https://www.globenewswire.com/news-release/2025/07/07/3111272/0/en/BIMA-Partners-with-Bracket-to-Launch-Real-Yield-Vaults-For-Bitcoin-Backed-Stablecoin-USBD.html,0.0,[]
2025-07-07T18:54:00Z,AIXA Miner Announces Global Expansion of Cloud-Based Crypto Mining Platform,aixa miner announces global expansion of cloudbased crypto mining platform,"Denver, Colorado, July 07, 2025 (GLOBE NEWSWIRE) -- AIXA Miner a technology-forward cloud crypto mining company, today announced the global expansion of its infrastructure and platform capabilities, reinforcing its position as a leading provider of scalable, …",denver colorado july globe newswire aixa miner a technologyforward cloud crypto mining company today announced the global expansion of its infrastructure and platform capabilities reinforcing its position as a leading provider of scalable,https://www.globenewswire.com/news-release/2025/07/07/3111269/0/en/AIXA-Miner-Announces-Global-Expansion-of-Cloud-Based-Crypto-Mining-Platform.html,0.0,"[('denver', 'GPE'), ('colorado', 'GPE'), ('july', 'DATE'), ('today', 'DATE')]"
2025-07-07T18:46:37Z,"Bitcoin, Ethereum, Dogecoin Dip Slightly While XRP Holds Firm On Tariff-Driven Monday",bitcoin ethereum dogecoin dip slightly while xrp holds firm on tariffdriven monday,"Cryptocurrency markets are down on Monday as President Donald Trump proposed new tariffs on several trading partners.
Cryptocurrency
Ticker
Price
Bitcoin
(CRYPTO: BTC)
$107,848.28
Ethereum
(CRYPTO: ETH)
$2,526.82
Solana
(CRYPTO: SOL)
$149.54
XRP
(CRYPTO: XRP)…",cryptocurrency markets are down on monday as president donald trump proposed new tariffs on several trading partners cryptocurrency ticker price bitcoin crypto btc ethereum crypto eth solana crypto sol xrp crypto xrp,https://biztoc.com/x/cff54fb09c4d6b94,0.0,"[('monday', 'DATE'), ('donald trump', 'PERSON'), ('bitcoin crypto btc ethereum', 'PERSON'), ('eth solana crypto', 'PERSON'), ('xrp', 'PRODUCT')]"
2025-07-07T18:45:47Z,"Japan’s Metaplanet Ups Bitcoin Stash To 15,555 BTC, Rakes Up Another 2,205 BTC",japans metaplanet ups bitcoin stash to btc rakes up another btc,"Japan’s largest corporate Bitcoin treasury, Metaplanet, has amassed an additional 2,205 Bitcoin, per a new disclosure on Monday.",japans largest corporate bitcoin treasury metaplanet has amassed an additional bitcoin per a new disclosure on monday,https://zycrypto.com/japans-metaplanet-ups-bitcoin-stash-to-15555-btc-rakes-up-another-2205-btc/,0.2023,"[('monday', 'DATE')]"
2025-07-07T18:41:57Z,"Elon Musk Asserts Fiat Is ‘Hopeless’, Confirms His New America Party Will Embrace Bitcoin",elon musk asserts fiat is hopeless confirms his new america party will embrace bitcoin,"Tesla CEO Elon Musk confirmed on Sunday that the ‘America Party’, a pro-tech centrist party he intends to form would accept Bitcoin (BTC).",tesla ceo elon musk confirmed on sunday that the america party a protech centrist party he intends to form would accept bitcoin btc,https://zycrypto.com/elon-musk-asserts-fiat-is-hopeless-confirms-his-new-america-party-will-embrace-bitcoin/,0.7906,"[('sunday', 'DATE'), ('the america party', 'ORG')]"
2025-07-07T18:41:23Z,"Here’s When Bitcoin Bull Market Could Come Into Question, According to Analyst Benjamin Cowen",heres when bitcoin bull market could come into question according to analyst benjamin cowen,"A popular crypto analyst says that Bitcoin’s (BTC) current bull market cycle may reach an end if one key event occurs. In a new YouTube video, Benjamin Cowen tells his 904,000 subscribers that a Bitcoin price dip below the 50-week simple moving average (SMA) …",a popular crypto analyst says that bitcoins btc current bull market cycle may reach an end if one key event occurs in a new youtube video benjamin cowen tells his subscribers that a bitcoin price dip below the week simple moving average sma,https://dailyhodl.com/2025/07/07/heres-when-bitcoin-bull-market-could-come-into-question-according-to-analyst-benjamin-cowen/,0.4404,"[('one', 'CARDINAL'), ('the week', 'DATE')]"
2025-07-07T18:40:54Z,Bit Digital cambió su plan de tesorería con la compra de 100.000 ETH y sus acciones suben 29%,bit digital cambi su plan de tesorera con la compra de eth y sus acciones suben,"Bit Digital es ahora el segundo mayor holder de ETH que cotiza en bolsa, por detrás de Coinbase.
 Digital asset company Bit Digital has pivoted its corporate treasury strategy from Bitcoin to Ether, saying the shift reflects its conviction that Ethereum will …",bit digital es ahora el segundo mayor holder de eth que cotiza en bolsa por detrs de coinbase digital asset company bit digital has pivoted its corporate treasury strategy from bitcoin to ether saying the shift reflects its conviction that ethereum will,https://es.cointelegraph.com/news/bit-digital-shifts-bitcoin-treasury-ethereum-eth-holdings,0.5106,"[('el segundo', 'ORG'), ('de eth', 'PERSON'), ('treasury', 'ORG')]"
2025-07-07T18:35:25Z,"Bitcoin Miner CleanSpark Produced 685 BTC in June, Hit 16.15 J/TH in Efficiency",bitcoin miner cleanspark produced btc in june hit jth in efficiency,"reached the 50 EH/s milestone in June, expanding operations across four U.S. states and improving average fleet efficiency to 16.15 joules per terahash (J/Th).
The Las Vegas-based firm produced 685 BTC last month, bringing its year-to-date output to 3,968 BTC…",reached the ehs milestone in june expanding operations across four us states and improving average fleet efficiency to joules per terahash jth the las vegasbased firm produced btc last month bringing its yeartodate output to btc,https://biztoc.com/x/16b276f6d55fa74f,0.6908,"[('june', 'DATE'), ('four', 'CARDINAL'), ('last month', 'DATE')]"
2025-07-07T18:35:25Z,"Bitcoin Slips Below $108K, Erases Weekend Gains as Trump Ramps Up Tariffs",bitcoin slips below k erases weekend gains as trump ramps up tariffs,"Bitcoin's BTC very modest weekend rally modestly reversed on Monday as President Trump's tariff policies took center stage again.
The largest cryptocurrency slipped below $108,000 during the U.S. afternoon, down 0.8% over the past 24 hours. Ethereum's ether E…",bitcoins btc very modest weekend rally modestly reversed on monday as president trumps tariff policies took center stage again the largest cryptocurrency slipped below during the us afternoon down over the past hours ethereums ether e,https://biztoc.com/x/ea58eb13b5167af8,0.0,"[('weekend', 'DATE'), ('monday', 'DATE'), ('trumps', 'PERSON'), ('the us afternoon', 'TIME'), ('the past hours', 'TIME')]"
2025-07-07T18:35:23Z,"BitFuFu Hits 36.2 EH/s Hashrate, 728 MW Capacity in June",bitfufu hits ehs hashrate mw capacity in june,"Bitcoin miner BitFuFu (FUFU) produced 445 bitcoin in the month of June — an 11.3% jump from May — while expanding its infrastructure across five continents.
The Singapore-based miner’s total hashrate under management rose to 36.2 exahashes per second (EH/s), …",bitcoin miner bitfufu fufu produced bitcoin in the month of june an jump from may while expanding its infrastructure across five continents the singaporebased miners total hashrate under management rose to exahashes per second ehs,https://biztoc.com/x/c0d0549efaf8d176,0.0,"[('the month of june', 'DATE'), ('five', 'CARDINAL'), ('second', 'ORDINAL')]"
2025-07-07T18:33:38Z,Nakiki SE plans strategic realignment toward a “pure” Bitcoin treasury strategy,nakiki se plans strategic realignment toward a pure bitcoin treasury strategy,"– Aiming to build a Bitcoin portfolio – Change of name and capital measures planned FRANKFURT AM MAIN, Germany — Nakiki SE (ISIN: DE000WNDL300) is planning a strategic realignment with the aim of becoming the first German listed company with a pure Bitcoin tr…",aiming to build a bitcoin portfolio change of name and capital measures planned frankfurt am main germany nakiki se isin dewndl is planning a strategic realignment with the aim of becoming the first german listed company with a pure bitcoin tr,https://financialpost.com/pmn/business-wire-news-releases-pmn/nakiki-se-plans-strategic-realignment-toward-a-pure-bitcoin-treasury-strategy,0.0,"[('frankfurt', 'GPE'), ('germany', 'GPE'), ('first', 'ORDINAL'), ('german', 'NORP')]"
2025-07-07T18:29:36Z,"BitFuFu Hits 36.2 EH/s Hashrate, 728 MW Capacity in June",bitfufu hits ehs hashrate mw capacity in june,"The miner increased its total holdings to 1,792 BTC.",the miner increased its total holdings to btc,https://www.coindesk.com/markets/2025/07/07/bitfufu-hits-36-2-eh-s-hashrate-728-mw-capacity-in-june,0.2732,[]
2025-07-07T18:26:26Z,"Jack Dorsey working on Bluetooth messaging app, Bitchat",jack dorsey working on bluetooth messaging app bitchat,"Block CEO and Twitter co-founder Jack Dorsey wrote in an X post on Sunday night that he spent his weekend creating an app called Bitchat (presumably a combination of the words “bit” and “chat,” and not the other combination of words that it looks like). Bitch…",block ceo and twitter cofounder jack dorsey wrote in an x post on sunday night that he spent his weekend creating an app called bitchat presumably a combination of the words bit and chat and not the other combination of words that it looks like bitch,https://techcrunch.com/2025/07/07/jack-dorsey-working-on-bluetooth-messaging-app-bitchat/,-0.4588,"[('cofounder jack dorsey', 'PERSON'), ('sunday', 'DATE')]"
2025-07-07T18:25:17Z,"Bitcoin Miner CleanSpark Produced 685 BTC in June, Hit 16.15 J/TH in Efficiency",bitcoin miner cleanspark produced btc in june hit jth in efficiency,"The company year-to-date has mined 3,986 bitcoin and now ranks seventh among publicly traded BTC holders with 12,608.",the company yeartodate has mined bitcoin and now ranks seventh among publicly traded btc holders with,https://www.coindesk.com/markets/2025/07/07/bitcoin-miner-cleanspark-produced-685-btc-in-june-hit-1615-jth-in-efficiency,0.0,"[('seventh', 'ORDINAL')]"
2025-07-07T18:15:28Z,"Bitcoin Slips Below $108K, Erases Weekend Gains as Trump Ramps Up Tariffs",bitcoin slips below k erases weekend gains as trump ramps up tariffs,"The U.S. government has delayed its deadline to set tariffs to August 1, while Donald Trump threatened countries aligning with BRICS with extra levies.",the us government has delayed its deadline to set tariffs to august while donald trump threatened countries aligning with brics with extra levies,https://www.coindesk.com/markets/2025/07/07/bitcoin-slips-below-108k-erases-weekend-gains-as-trump-ramps-up-tariffs,-0.5994,"[('us', 'GPE'), ('august', 'DATE'), ('donald trump', 'PERSON')]"
2025-07-07T18:14:42Z,Bitcoin tanks after Trump slaps 25% tariffs on Japan and South Korea — traders fear global economic fallout,bitcoin tanks after trump slaps tariffs on japan and south korea traders fear global economic fallout,"Bitcoin took a sudden hit, dropping $860 to trade around $107,970, after Donald Trump slapped new 25% tariffs on Japan and South Korea. This unexpected move spooked global markets, triggering a wave of sell-offs in crypto. Traders quickly shifted to safer ass…",bitcoin took a sudden hit dropping to trade around after donald trump slapped new tariffs on japan and south korea this unexpected move spooked global markets triggering a wave of selloffs in crypto traders quickly shifted to safer ass,https://economictimes.indiatimes.com/news/international/us/bitcoin-tanks-after-trump-slaps-25-tariffs-on-japan-and-south-korea-traders-fear-global-economic-fallout/articleshow/122304263.cms,-0.1779,"[('donald trump', 'PERSON'), ('japan', 'GPE'), ('south korea', 'GPE')]"
2025-07-07T18:12:28Z,Bitcoin starts week near record high as 80K BTC moves after 14 years,bitcoin starts week near record high as k btc moves after years,"As Satoshi-era wallets saw over $8 billion worth of BTC on the move, Congress is gearing up for “Crypto Week”",as satoshiera wallets saw over billion worth of btc on the move congress is gearing up for crypto week,https://biztoc.com/x/728b132f0f19ed54,0.2263,"[('over billion', 'CARDINAL'), ('congress', 'ORG'), ('crypto week', 'DATE')]"
2025-07-07T18:01:41Z,5 countries where crypto is (surprisingly) tax-free in 2025,countries where crypto is surprisingly taxfree in,"Looking to live tax-free with crypto in 2025? These five countries, including the Cayman Islands, UAE and Germany, still offer legal, zero-tax treatment for cryptocurrencies.",looking to live taxfree with crypto in these five countries including the cayman islands uae and germany still offer legal zerotax treatment for cryptocurrencies,https://cointelegraph.com/news/countries-where-crypto-is-tax-free,0.128,"[('five', 'CARDINAL'), ('uae', 'GPE'), ('germany', 'GPE')]"
2025-07-07T18:00:00Z,"Smarter Mining Begins Now: HashFly Launches Groundbreaking AI Cloud Mining Platform for Smarter, Safer Crypto Growth",smarter mining begins now hashfly launches groundbreaking ai cloud mining platform for smarter safer crypto growth,"HashFly, a global leader in cloud mining solutions since 2013, today announced the official launch of its next-generation AI-powered cloud mining platform, marking a major leap forward in the evolution of intelligent, secure, and accessible cryptocurrency min…",hashfly a global leader in cloud mining solutions since today announced the official launch of its nextgeneration aipowered cloud mining platform marking a major leap forward in the evolution of intelligent secure and accessible cryptocurrency min,https://www.globenewswire.com/news-release/2025/07/07/3111261/0/en/Smarter-Mining-Begins-Now-HashFly-Launches-Groundbreaking-AI-Cloud-Mining-Platform-for-Smarter-Safer-Crypto-Growth.html,0.7269,"[('today', 'DATE')]"
2025-07-07T18:00:00Z,Everyone’s Chasing SOL？—Savvy Investors Quietly Pocket 6.63% Daily with BTC Miner’s Cloud Mining!,everyones chasing solsavvy investors quietly pocket daily with btc miners cloud mining,"New York City, NY, July 07, 2025 (GLOBE NEWSWIRE) -- Forget the SOL frenzy. While the masses sweat over every 3% swing and scramble for the next token pump, a select few are quietly locking in up to 6.63% daily returns
—no volatility, no stress, just reliabl…",new york city ny july globe newswire forget the sol frenzy while the masses sweat over every swing and scramble for the next token pump a select few are quietly locking in up to daily returns no volatility no stress just reliabl,https://www.globenewswire.com/news-release/2025/07/07/3111262/0/en/Everyone-s-Chasing-SOL-Savvy-Investors-Quietly-Pocket-6-63-Daily-with-BTC-Miner-s-Cloud-Mining.html,-0.8555,"[('new york city', 'GPE'), ('july', 'DATE'), ('daily', 'DATE')]"
2025-07-07T17:53:35Z,Strategy adds $21B in Bitcoin value during Q2 but faces $4B tax hit,strategy adds b in bitcoin value during q but faces b tax hit,"Strategy, the largest corporate holder of Bitcoin, expanded its digital asset portfolio by $21 billion in the second quarter of 2025, driven largely by BTC’s sharp price increase. According to the Michael Saylor-led firm, Bitcoin surged from $82,445 to $107,7…",strategy the largest corporate holder of bitcoin expanded its digital asset portfolio by billion in the second quarter of driven largely by btcs sharp price increase according to the michael saylorled firm bitcoin surged from to,https://cryptoslate.com/strategy-adds-21b-in-bitcoin-value-during-q2-but-faces-4b-tax-hit/,0.5859,"[('billion', 'CARDINAL'), ('the second quarter', 'DATE'), ('michael', 'PERSON')]"
2025-07-07T17:52:05Z,"Price predictions 7/7: SPX, DXY, BTC, ETH, XRP, BNB, SOL, DOGE, ADA, HYPE",price predictions spx dxy btc eth xrp bnb sol doge ada hype,"Bitcoin failed to overcome resistance at $110,500, but charts suggest bulls will continue buying dips in BTC and altcoins.",bitcoin failed to overcome resistance at but charts suggest bulls will continue buying dips in btc and altcoins,https://cointelegraph.com/news/price-predictions-7-7-spx-dxy-btc-eth-xrp-bnb-sol-doge-ada-hype,-0.2846,[]
2025-07-07T17:51:13Z,"Is bitcoin price stalling at $100,000? ETF experts debate next crypto trades",is bitcoin price stalling at etf experts debate next crypto trades,"ETF experts debate whether bitcoin is stuck in the $100,000 range, and if so, where the action in cryptocurrencies may be moving.",etf experts debate whether bitcoin is stuck in the range and if so where the action in cryptocurrencies may be moving,https://www.cnbc.com/2025/07/07/bitcoin-price-100000-etf-crypto-trades.html,-0.25,[]
2025-07-07T17:50:26Z,"Bitcoin Buying Sprees Accelerate as Metaplanet, Semler Stack More BTC",bitcoin buying sprees accelerate as metaplanet semler stack more btc,A pair of Bitcoin treasury firms added to their stash on Monday.,a pair of bitcoin treasury firms added to their stash on monday,https://decrypt.co/328908/bitcoin-buying-sprees-accelerate-metaplanet-semler-stack-more-btc,0.2023,"[('monday', 'DATE')]"
2025-07-07T17:49:40Z,CoreWeave Pays $9 Billion for Bitcoin Miner Core Scientific,coreweave pays billion for bitcoin miner core scientific,"CoreWeave is acquiring data center infrastructure provider Core Scientific in a $9 billion deal. [contact-form-7] The artificial intelligence (AI) company announced the deal Monday (July 7), saying it helped it “verticalize its data center footprint to future…",coreweave is acquiring data center infrastructure provider core scientific in a billion deal contactform the artificial intelligence ai company announced the deal monday july saying it helped it verticalize its data center footprint to future,http://www.pymnts.com/acquisitions/2025/coreweave-pays-9-billion-for-bitcoin-miner-core-scientific/,0.4767,"[('monday july', 'DATE')]"
2025-07-07T17:47:03Z,"SEC pushes Solana ETF issuers to refile by end of July, signals fast-track approval path",sec pushes solana etf issuers to refile by end of july signals fasttrack approval path,"The SEC's expedited process for Solana ETFs could accelerate mainstream crypto adoption and diversify investment options in the US market.
The post SEC pushes Solana ETF issuers to refile by end of July, signals fast-track approval path appeared first on Cryp…",the secs expedited process for solana etfs could accelerate mainstream crypto adoption and diversify investment options in the us market the post sec pushes solana etf issuers to refile by end of july signals fasttrack approval path appeared first on cryp,https://cryptobriefing.com/solana-etf-approval-sec-fast-track/,0.4767,"[('solana etfs', 'PERSON'), ('us', 'GPE'), ('sec', 'ORG'), ('solana', 'PERSON'), ('july', 'DATE'), ('first', 'ORDINAL')]"
2025-07-07T17:43:27Z,CoreWeave to acquire Core Scientific in a $9B all-stock deal,coreweave to acquire core scientific in a b allstock deal,"CoreWeave has finalised a deal to acquire Core Scientific for $9 billion. The deal adds 1.3 GW of power capacity for AI and HPC expansion. Under the agreement, CORZ holders will get 0.1235 CoreWeave shares per CORZ share. CoreWeave has finalized a landmark $9…",coreweave has finalised a deal to acquire core scientific for billion the deal adds gw of power capacity for ai and hpc expansion under the agreement corz holders will get coreweave shares per corz share coreweave has finalized a landmark,https://coinjournal.net/news/coreweave-to-acquire-core-scientific-in-a-9b-all-stock-deal/,0.7845,[]
2025-07-07T17:39:02Z,"Without Operational Alpha, Bitcoin Treasury Company Premiums Will Collapse",without operational alpha bitcoin treasury company premiums will collapse,"Listed companies are rapidly transforming into bitcoin treasury vehicles, raising capital to buy BTC and hold it on their balance sheets. With bitcoin increasingly seen as a potential global reserve asset, gaining institutional traction and strong price expec…",listed companies are rapidly transforming into bitcoin treasury vehicles raising capital to buy btc and hold it on their balance sheets with bitcoin increasingly seen as a potential global reserve asset gaining institutional traction and strong price expec,https://biztoc.com/x/59b94ea0539aaa0e,0.8555,[]
2025-07-07T17:39:01Z,CoreWeave acquires data center provider Core Scientific in $9B stock deal | TechCrunch,coreweave acquires data center provider core scientific in b stock deal techcrunch,Coreweave is acquiring the data center infrastructure provider Core Scientific in a $9 billion all-stock transaction.,coreweave is acquiring the data center infrastructure provider core scientific in a billion allstock transaction,https://techcrunch.com/2025/07/07/coreweave-acquires-data-center-provider-core-scientific-in-9b-stock-deal/,0.0,"[('billion', 'CARDINAL')]"
2025-07-07T17:39:00Z,PS Miner Positions for Growth Amidst Expanding Crypto Acceptance and Demand,ps miner positions for growth amidst expanding crypto acceptance and demand,"London, UK, July 07, 2025 (GLOBE NEWSWIRE) -- PS Miner, the world's leading cloud mining platform
, is strategically positioning itself to expand in response to growing demand for digital assets and increased acceptance of cryptocurrencies globally. With Bit…",london uk july globe newswire ps miner the worlds leading cloud mining platform is strategically positioning itself to expand in response to growing demand for digital assets and increased acceptance of cryptocurrencies globally with bit,https://www.globenewswire.com/news-release/2025/07/07/3111256/0/en/PS-Miner-Positions-for-Growth-Amidst-Expanding-Crypto-Acceptance-and-Demand.html,0.8074,"[('london', 'GPE'), ('uk july', 'ORG'), ('ps', 'ORG')]"
2025-07-07T17:38:52Z,Strategy Launches $4.2 Billion Offering To Fuel Further Bitcoin Accumulation,strategy launches billion offering to fuel further bitcoin accumulation,"Strategy (NASDAQ:MSTR) on Monday announced the launch of a $4.2 billion ATM stock offering, aiming to scale its Bitcoin (CRYPTO: BTC) holdings and enhance capital flexibility.
What Happened: The offering involves the sale of its 10.00% Series A Perpetual Stri…",strategy nasdaqmstr on monday announced the launch of a billion atm stock offering aiming to scale its bitcoin crypto btc holdings and enhance capital flexibility what happened the offering involves the sale of its series a perpetual stri,https://biztoc.com/x/d0a81477af7e013b,0.34,"[('monday', 'DATE')]"
2025-07-07T17:38:32Z,"The Daily: Elon Musk’s new political party to support bitcoin over ‘hopeless’ fiat, Strategy pauses BTC buying spree, and more",the daily elon musks new political party to support bitcoin over hopeless fiat strategy pauses btc buying spree and more,"The following article is adapted from The Block’s newsletter, The Daily, which comes out on weekday afternoons.",the following article is adapted from the blocks newsletter the daily which comes out on weekday afternoons,https://biztoc.com/x/695d84d7c51d3e29,-0.2263,"[('daily', 'DATE'), ('weekday afternoons', 'TIME')]"
2025-07-07T17:37:00Z,"BTC Miner: The path to smarter cloud mining, making your passive income easy",btc miner the path to smarter cloud mining making your passive income easy,"New York City, NY, July 07, 2025 (GLOBE NEWSWIRE) -- As cryptocurrencies continue to revolutionize the digital economy, cloud mining – essentially online mining – has become the ultimate way for investors to easily earn passive income without the need for phy…",new york city ny july globe newswire as cryptocurrencies continue to revolutionize the digital economy cloud mining essentially online mining has become the ultimate way for investors to easily earn passive income without the need for phy,https://www.globenewswire.com/news-release/2025/07/07/3111255/0/en/BTC-Miner-The-path-to-smarter-cloud-mining-making-your-passive-income-easy.html,0.4939,"[('new york city', 'GPE'), ('july', 'DATE')]"
2025-07-07T17:36:41Z,Tesla stock tanks after Trump dismisses Musk’s new political party plan and calls him ‘off the rails’ - CNN,tesla stock tanks after trump dismisses musks new political party plan and calls him off the rails cnn,"Tesla stock tanks after Trump dismisses Musk’s new political party plan and calls him ‘off the rails’CNN Bloomberg Intelligence: Tesla Slides on Concern Musk’s New Party Will Worsen SlumpBloomberg Elon Musk indicates his new political party will be pro-gun, p…",tesla stock tanks after trump dismisses musks new political party plan and calls him off the railscnn bloomberg intelligence tesla slides on concern musks new party will worsen slumpbloomberg elon musk indicates his new political party will be progun p,https://slashdot.org/firehose.pl?op=view&amp;id=178303346,0.7845,[]
2025-07-07T17:34:29Z,"Celestica Stock Doesn't Pay A Dividend, But Here's How To Create Yield",celestica stock doesnt pay a dividend but heres how to create yield,Celestica stock has jumped to new highs. This options strategy helps deliver yield from the non-dividend paying stock.,celestica stock has jumped to new highs this options strategy helps deliver yield from the nondividend paying stock,https://www.investors.com/research/options/celestica-cls-stock-options-trading-dividend-strategy-investing-markets/,0.3818,"[('celestica stock', 'ORG')]"
2025-07-07T17:30:29Z,Bitcoin To Repeat Parabolic Phase From 2017 And 2021? Here’s The Target,bitcoin to repeat parabolic phase from and heres the target,"Bitcoin is currently on the path to holding a strong footing above $109,000 after reclaiming the $108,000 price level in the past seven days. Notably, Bitcoin’s price  has gained more than $3,000 over the past week, with bullish momentum building steadily acr…",bitcoin is currently on the path to holding a strong footing above after reclaiming the price level in the past seven days notably bitcoins price has gained more than over the past week with bullish momentum building steadily acr,http://www.newsbtc.com/news/bitcoin/bitcoin-repeat-parabolic-phase/,0.7096,"[('the past seven days', 'DATE'), ('the past week', 'DATE')]"
2025-07-07T17:30:00Z,BSTR Miner’s Upgraded Dogecoin Cloud Mining Generates Significant Profit During Crypto Market Rally,bstr miners upgraded dogecoin cloud mining generates significant profit during crypto market rally,"BSTR Miner, a global provider of cloud mining services, today announced operational updates and reported user profitability metrics for its enhanced Dogecoin (DOGE) cloud mining platform. BSTR Miner, a global provider of cloud mining services, today announced…",bstr miner a global provider of cloud mining services today announced operational updates and reported user profitability metrics for its enhanced dogecoin doge cloud mining platform bstr miner a global provider of cloud mining services today announced,https://www.globenewswire.com/news-release/2025/07/07/3111247/0/en/BSTR-Miner-s-Upgraded-Dogecoin-Cloud-Mining-Generates-Significant-Profit-During-Crypto-Market-Rally.html,0.2732,"[('bstr miner', 'PERSON'), ('today', 'DATE'), ('today', 'DATE')]"
2025-07-07T17:30:00Z,How Vietnam is using crypto to fix its FATF reputation,how vietnam is using crypto to fix its fatf reputation,Vietnam’s new crypto law aims to boost compliance and exit the FATF gray list. It seeks to restore investors’ trust and strengthen global financial ties.,vietnams new crypto law aims to boost compliance and exit the fatf gray list it seeks to restore investors trust and strengthen global financial ties,https://cointelegraph.com/news/how-vietnam-is-using-crypto-to-fix-its-fatf-reputation,0.8591,[]
2025-07-07T17:30:00Z,"GOAT Network Opens Pre-TGE Access to Community, with Aspecta AI BuildKey Surging Nearly 5x to $115M FDV",goat network opens pretge access to community with aspecta ai buildkey surging nearly x to m fdv,"GOAT Network Recently Launched its BTC Yield Dashboard, The Only Way to Earn Real Bitcoin Yield on a Decentralized Blockchain GOAT Network Recently Launched its BTC Yield Dashboard, The Only Way to Earn Real Bitcoin Yield on a Decentralized Blockchain",goat network recently launched its btc yield dashboard the only way to earn real bitcoin yield on a decentralized blockchain goat network recently launched its btc yield dashboard the only way to earn real bitcoin yield on a decentralized blockchain,https://www.globenewswire.com/news-release/2025/07/07/3111246/0/en/GOAT-Network-Opens-Pre-TGE-Access-to-Community-with-Aspecta-AI-BuildKey-Surging-Nearly-5x-to-115M-FDV.html,0.25,[]
2025-07-07T17:28:01Z,"Trump, Musk, and the big question: ‘Is this just politics playing crypto?’",trump musk and the big question is this just politics playing crypto,"Elon Musk’s America Party aims to challenge Trump-backed lawmakers.
- The crypto chatter continues as Bitcoin and Dogecoin rally amid political tension.
The friction between Donald Trump and Elon Musk is intensifying, capturing renewed public and media intere…",elon musks america party aims to challenge trumpbacked lawmakers the crypto chatter continues as bitcoin and dogecoin rally amid political tension the friction between donald trump and elon musk is intensifying capturing renewed public and media intere,https://biztoc.com/x/cf82408072b99ad2,0.1779,"[('elon musks america party', 'ORG'), ('donald trump', 'PERSON')]"
2025-07-07T17:23:12Z,Bit Digital shifts treasury strategy with 100K ETH buy; stock surges 29%,bit digital shifts treasury strategy with k eth buy stock surges,"Digital asset firm Bit Digital has pivoted its treasury strategy from Bitcoin to Ethereum, investing $172 million to grow its ETH holdings to over 100,000 — second only to Coinbase, according to CoinGecko.",digital asset firm bit digital has pivoted its treasury strategy from bitcoin to ethereum investing million to grow its eth holdings to over second only to coinbase according to coingecko,https://cointelegraph.com/news/bit-digital-shifts-bitcoin-treasury-ethereum-eth-holdings,0.5106,"[('treasury', 'ORG'), ('million', 'CARDINAL'), ('second', 'ORDINAL')]"
2025-07-07T17:19:28Z,Strategy posts $14 billion unrealized gain in second quarter,strategy posts billion unrealized gain in second quarter,This is the first week the company formerly known as MicroStrategy Inc. has not purchased additional tokens since April.,this is the first week the company formerly known as microstrategy inc has not purchased additional tokens since april,https://fortune.com/crypto/2025/07/07/michael-saylor-strategy-microstrategy-bitcoin-unrealized-gains/,0.0,"[('the first week', 'DATE'), ('microstrategy inc', 'ORG'), ('april', 'DATE')]"
2025-07-07T17:03:14Z,"Without Operational Alpha, Bitcoin Treasury Company Premiums Will Collapse",without operational alpha bitcoin treasury company premiums will collapse,"Why would investors pay a premium to invest in a fund compared to the underlying asset? K33’s Torbjørn Bull Jenssen says simply raising funds to chase ""bitcoin yield"" is not a sustainable business plan.",why would investors pay a premium to invest in a fund compared to the underlying asset ks torbjrn bull jenssen says simply raising funds to chase bitcoin yield is not a sustainable business plan,https://www.coindesk.com/opinion/2025/07/07/without-operational-alpha-bitcoin-treasury-company-premiums-will-collapse,0.2732,"[('ks', 'ORG'), ('bull jenssen', 'PERSON')]"
2025-07-07T17:00:28Z,"Ethereum To Outperform Bitcoin: Buy Before Mid-August, Analyst Warns",ethereum to outperform bitcoin buy before midaugust analyst warns,"A crypto market expert has predicted that Ethereum (ETH), the largest altcoin, is about to flip the script on Bitcoin (BTC), the number one cryptocurrency. According to the forecast, ETH could significantly outperform BTC in this bull cycle—but the opportunit…",a crypto market expert has predicted that ethereum eth the largest altcoin is about to flip the script on bitcoin btc the number one cryptocurrency according to the forecast eth could significantly outperform btc in this bull cyclebut the opportunit,https://bitcoinist.com/ethereum-to-outperform-bitcoin/,0.0772,"[('one', 'CARDINAL')]"
